{
    "ticker_info": [
        {
            "NVDA": {
                "exchange": "BATS",
                "OrderPerTran": 300,
                "OrderPerHour": 300,
                "OrderPerDay": 600,
                "MinPrice": 129,
                "MaxRrice": 140,
                "interval": "10",
                "side": "sell",
                "AccountType": "特定口座"
            },
            "MU": {
                "exchange": "BATS",
                "OrderPerTran": 5,
                "OrderPerHour": 100,
                "OrderPerDay": 200,
                "MinPrice": 900,
                "MaxRrice": 940,
                "interval": "1",
                "side": "sell",
                "AccountType": "特定口座"
            }
        }
    ],
    "AccountType": [
        "iDeco",
        "oldNISA",
        "newNISA",
        "Specific",
        "Margin"
    ],
    "crypt": "JA31"
}